roost_thickly_in	0
pursuing_me_through	1
lead_south_and_southwest_into	2
feel_without	3
wrapped_around	4
smile	5
want	6
lie_awake	7
runs_squarely_through	8
slipping_slip_into	9
poke	10
sleeping_like	11
dripping	12
pointed_straight_through	13
instead_contains	14
steps_from	15
gets	16
first_taking_key_to	17
must_see	18
winds_back	19
slipping_key_to	20
take_care_at	21
line_walls_from	22
shimmy_down_into	23
take_breath	24
extend_south_and_east_into	25
hangs_thickly_in	26
leans_forward	27
almost_directly_lies	28
beaten_through	29
runs_length	30
narrows_further	31
look_up_in	32
heads_out_over	33
are_carved_from	34
slipping	35
widen_in	36
bend	37
can_hear_in	38
key_to	39
begins	40
remove_tin_from	41
dip_flask_into	42
has_come_more_easily_to	43
even_had	44
lies_among	45
falls_flask_onto	46
could	47
attempts	48
weigh_down	49
chilling	50
activates	51
control	52
might_just_come_in	53
getting	54
lies_to	55
has_collapsed	56
finally_falls_back_onto	57
feet_next_to	58
is_about	59
am_of	60
climb_out_of	61
outlines_of	62
quickly_dissolving_away_into	63
gleam_with	64
watches	65
stretches_comically	66
shelved_between	67
offers	68
tuck_in	69
ends_at	70
drops_down_out_of	71
paying_attention_to	72
terminating_further_in	73
is_jagged_silhouette_against	74
leads_west	75
tosses_back	76
're	77
is_on	78
taking	79
only_bits_of	80
is_moving_inside	81
finally_slams	82
turn_toward	83
under	84
feel_again	85
first_getting	86
glances_at	87
incarcerated_in	88
does_catch	89
is_even_shadowy_than	90
only_stares_about	91
making	92
retreat_up	93
is_schematic_for	94
being_lifted_off	95
told_much_now	96
falls_back_flask_with	97
drains	98
meet_with	99
leave	100
dropping_to	101
nearly_jerk	102
lunging_toward	103
had_simply_trampled	104
slip_styrofoam_cup_into	105
is_draped_in	106
staggers_to	107
lies	108
unscrews	109
falls	110
can_escape_through	111
is_in_front_of	112
ends	113
slip_wedding_ring_into	114
open	115
slipping_newspaper_into	116
find_fence_at	117
cast_there	118
listening_to	119
fills_thing_with	120
testing	121
go_by	122
wrap_chain_at_time	123
is_placed_between	124
can_see_paper_mill_almost_directly_from	125
clockwise	126
upstairs_runs_from	127
dangle_into	128
strewn_with	129
piling_bones	130
put_tin_on	131
can_resist_without	132
slip_wallet_from	133
flowing_from	134
'_worth_is	135
can_go_west_back_to	136
can_just_reach	137
can_slip_into	138
of_buildings_is	139
soaking_up	140
stand_at	141
seem	142
spans	143
make_out	144
has_come_more_easily_in	145
crawl_in	146
received	147
did_get	148
putting_liquid_in	149
opposed	150
leads_into	151
takes	152
has_come_easily_in	153
becomes	154
slow_drip_of_are	155
lead_into	156
can_take_street_to	157
gratefully_leave	158
remove_key_to	159
through	160
unbeknownst_to	161
scratching_at	162
tripping_over	163
is_strongly_urged	164
discover	165
stumble_through	166
reaches_in_through	167
are_standing_knee_in	168
even_lower	169
leer_at	170
step_around	171
is_with	172
was	173
turning_over	174
stares_for	175
step_back_through	176
few_bits_of	177
slow_drip_of	178
can_make_out	179
leads_back_through	180
has_come_more_easily_quickly_in	181
can_just_make_out_shape_at	182
convey	183
offer	184
crowd	185
arc_across	186
can_only_see_before	187
melts_from	188
divides_street_from	189
bent_at	190
keyring_on	191
told_too_much_now	192
settles_in	193
put_flask_on	194
can_enter	195
leads_northeast_to	196
piling	197
trails_southeast_through	198
falls_back_flask_onto	199
tend	200
closes	201
slipping_key	202
can_only_go_northeast_to	203
slipping_gold_locket_into	204
inform	205
turns_to	206
dimly_lit	207
step_with	208
is_already_buried_in	209
auctioned_off_as	210
perhaps_pushed	211
clanking_into	212
flicker_ominously_with	213
spans_river_to	214
keeping	215
is_like	216
suddenly_feel	217
embedded_in	218
grateful_for	219
lower	220
decided_between	221
slithers_around	222
depth_of	223
slipping_faculty_card_into	224
cracked	225
rub_amount_over	226
are_waiting_in	227
slip_coffee_into	228
important_for	229
is_large_ornate_fireplace_aside_from	230
dominates	231
cooking_night_for	232
merely_went_for	233
understood_as_far	234
blow_out	235
perhaps_take	236
gripping	237
foetid_depths_of	238
see_nothing_at	239
coming_in	240
died_away_in	241
remove_whiskey_from	242
discover_gold_locket_underneath	243
throws_rectangle_onto	244
is_buried_in	245
ring	246
only_understood_far	247
access_to	248
regards_portrait_with	249
rolling	250
squinting_up_into	251
bends_around	252
hit	253
revealing	254
is_set_into	255
slip_umbrella_into	256
is_largely_absorbed_at	257
falls_back_with	258
stares_suspiciously_at	259
quickly_drains_however	260
sitting_are_on	261
can_only_go_west_back_northeast_to	262
am	263
leads_back_west	264
coming	265
snaps_back_into	266
simply_stands_for	267
was_working_on	268
special_to	269
do_besides	270
falls_flask_with	271
has_come_more_easily_quickly_to	272
can_go_northeast_to	273
are_reaching	274
are_actually_reincarnation_of	275
enjoying	276
wanted	277
has_come_easily_quickly_to	278
can_take	279
is_very_wrong_with	280
lead_to	281
carefully_pushing	282
goes_west_from	283
hang_in_lieu_of	284
is_empty_save	285
look	286
rooftops_of	287
can_see_paper_mill_from	288
little_do_besides	289
are_depicted_with	290
manages_harbor	291
lit	292
finally_made	293
exactly_expected	294
bends_here	295
umbrella	296
is_certainly_watching	297
is_littered_with	298
opens_to	299
is	300
walkways_on	301
runs_up_outside	302
tie_securely	303
is_affair_of	304
is_lost_to	305
small_alcove_to	306
do	307
first_taking_wedding_ring	308
drift_into	309
slipping_slip	310
pull_back_further	311
slip_in_through	312
remove	313
get	314
bends_south_here	315
carefully_pushing_aside	316
remove_trenchcoat_from	317
pick_up	318
echo_eerily_on	319
pull_out	320
overlooking	321
can_go_west_to	322
glancing_nervously_at	323
leaving	324
puffing_at	325
lead_south_into	326
in	327
open_noisily_on	328
dig	329
also_see_flask_on	330
discover_after	331
slipping_umbrella_into	332
step_away_from	333
narrows	334
after	335
has_come_more_easily_more_quickly_in	336
provides	337
can_do	338
pushing_aside	339
pops_back_in	340
dark_passageway_to	341
occasionally_can_hear	342
is_older_than	343
can_see_here	344
writhe_across	345
wake_up	346
dropping_awkwardly_to	347
also_leads_through	348
is_absorbed_at	349
trickles_out_over	350
push_in	351
regards	352
adorn	353
falls_with	354
musty_smell_of	355
grows_down	356
has_sprayed	357
spatter	358
takes_book_up	359
wrap	360
has_come_easily_quickly_in	361
slipping_gold_locket	362
envelopes	363
leads_up	364
turns_following	365
just_reach	366
put_coffee_into	367
is_even_older_than	368
turning_silently	369
veer_off	370
feel	371
falls_to	372
are_high	373
hangs_in	374
could_always_beat	375
open_on	376
forks_to	377
opens_onto	378
is_tinged_with	379
tucked_away_in	380
can_see	381
quantity_of	382
closes_charm_in	383
's_doing	384
slip_back_in_through	385
are_drawn_across	386
runs_length_to	387
narrows_further_to	388
clear_spider_web_with	389
sticks_stubbornly_at	390
set_near	391
is_sprawled_across	392
is_abstract_despite	393
small_quantity_of	394
tracks_out	395
picks_up	396
quickly_palm	397
continues_way_down_to	398
leads	399
throws	400
bottle_with	401
is_looking_in	402
can_reach_edge_from	403
bends_northeast_around	404
suddenly_slams	405
somehow_manages_harbor	406
goes	407
is_lying_on	408
may_find	409
is_building_in	410
lost	411
quickly_pocket	412
is_watching	413
peering_through	414
yet_closes_again	415
walk_back_to	416
see_michael_in	417
force	418
shake	419
holding_up	420
glumly_look_around_at	421
look_like	422
is_vented_from	423
trembling	424
has_come_to	425
takes_out	426
out_envelopes	427
dangles_from	428
shiver	429
usually_feel	430
start_up	431
thanked	432
slipping_wedding_ring_into	433
encroaches_right_behind	434
sits_in	435
ends_here	436
trying_in	437
stands_next_to	438
put_umbrella_on	439
be_ladder	440
runs_to	441
is_blotted_out_utterly_by	442
dissolving_away_into	443
through_curve_is	444
trying	445
told_too_much	446
hasty_retreat_up	447
stares_out	448
peters_out_at	449
only_feature_of_is	450
part	451
recedes_to	452
at	453
finally_falls	454
lies_outside_to	455
slipping_towel	456
drips	457
seen_from	458
humming_quietly_to	459
has_sprayed_graffiti_across	460
twisting	461
coming_from	462
tucked_in	463
can_hear_mechanisms_behind	464
slip_wallet_with	465
take	466
look_inside	467
showing_through	468
are_drawn	469
depths_of	470
still_can_see_in	471
crawl_across	472
is_picture-postcard_of	473
shut_behind	474
marks_shop	475
left_at_time	476
lit_by	477
piling_bones_on_top_of	478
continues_into	479
falls_away_in	480
revealed_to	481
merge	482
oozing	483
delivered	484
alcove_to	485
slipping_lantern	486
shimmy_into	487
know_of	488
has	489
looking_at	490
coming_close_to	491
continues_to	492
has_pooled_in	493
trenchcoat_in	494
haul_up	495
slip_tin_into	496
indicating	497
appears	498
are_too_worn	499
juts_out_near	500
hung_in	501
dangling_from	502
has_slid_to	503
're_off	504
extend_and_east_into	505
get_into	506
was_using	507
often_find_at_time	508
curve	509
stands_crib_in	510
encroaches_right_up_behind	511
shut_above	512
are_hopelessly_enmeshed_in	513
gather_thickly_to	514
collects_in	515
slipping_bundle_into	516
book	517
return_at_time	518
soak_in	519
tapering_across	520
can_hold	521
tied_to	522
creeps_up	523
dig_out	524
tosses	525
gratefully_leave_behind	526
rows_of	527
juts_out_over	528
is_standing_at	529
sitting_on	530
provide	531
slipping_letter_opener_into	532
slipping_drawing_into	533
bits_of	534
splits	535
abductions_of_were	536
am_unclear_on	537
can_go_back_to	538
is_momentarily_filled_with	539
familiar_about	540
line_walls_to	541
wiggle	542
hangs_over	543
coming_into	544
first_taking_trenchcoat	545
were	546
is_stately_building_in	547
turns_northwest_following	548
drape	549
been	550
first_taking_off	551
looks_suspiciously_around	552
looms	553
leads_down_into	554
dash_for	555
putting	556
committing	557
merge_together	558
tell	559
understood_far	560
coming_to	561
have_at	562
leading	563
is_covered_with	564
terminating_in	565
descend_into	566
murdering	567
smacks	568
landing_with	569
is_so_steep_in	570
pointed_through	571
rushes_into	572
gratefully_crawl_into	573
pushed	574
huddled_in	575
manages	576
is_getting	577
high_up_on	578
chilling_you_to	579
part_almost_deferentially_before	580
convince	581
throwing_caution_to	582
can_make_out_of	583
speak_as_soon_to	584
blew_off	585
lap_against	586
clammy_foetid_depths_of	587
clamber_onto	588
has_come_quickly_to	589
pry	590
is_set_underneath	591
leans_over	592
swirling_in	593
staring_for	594
reach	595
leads_across	596
eyeing_mist_with	597
can	598
can_just_see_tops_from	599
emblazoned_in	600
can_make_out_shape_from	601
long_drowning	602
tie	603
casually_purloin	604
wiggle_further	605
scurry	606
betray	607
wraps	608
carefully_edge_out_onto	609
slide_beneath	610
stands	611
sticks_at	612
have_view	613
are_wearing	614
suddenly_pops_back_in	615
is_blotted_out	616
lead	617
as_quickly_scramble_down	618
lead_east_to	619
leads_to	620
can_feel_through	621
can_see_directly	622
extend_south_and_into	623
revealed_in	624
also_leads_east_through	625
bare_room_with	626
have_given	627
attached_to	628
painstakingly_climb_out_of	629
shut_tight	630
after_gods_is	631
rising_is_from	632
piled_up_in	633
letting_in	634
are_unable	635
faintly_hear	636
manage	637
eventually_curving_out_of	638
like	639
knocks	640
gingerly_poke_through	641
slipping_book	642
walks_out_into	643
grows_denser	644
go	645
spread_out	646
have_given_way_beyond	647
can_just_make_out_shape_from	648
eyes	649
settles_greasily_in	650
slipping_silver_locket	651
wipe	652
becomes_to	653
hole_in	654
are_waiting_with	655
are_drawn_to	656
has_come_easily_to	657
casts	658
only_stares_for	659
rest_of	660
closed_to	661
score_for	662
open_windows_in	663
emits	664
are_in	665
put_wedding_ring_into	666
encroaches_behind	667
spilling_onto	668
take_steps_into	669
stands_at	670
running	671
dense_cover	672
chasing	673
descending_in	674
love	675
sits_here_next_to	676
can_go_to	677
slipping_calipers	678
delicately_clamped_between	679
staring_intently_for	680
is_embedded_in	681
wavering	682
stretches	683
are_standing_knee_deep_in	684
appear	685
are_sounds	686
lower_until	687
quickly_thrash	688
implements_of	689
suddenly_fills	690
lies_behind	691
are_at	692
drifting_on	693
leads_toward	694
sticks_nearby_out_of	695
can_make_from	696
up_to	697
leads_back_into	698
feels	699
on_from	700
is_deserted	701
continues_way_past	702
stares_at	703
lock	704
is_blanket_in	705
are_standing_deep_in	706
is_curled_up_in	707
leans	708
do_want	709
clear	710
is_staring_at	711
can_just_see	712
round_of	713
come_up_with	714
is_worried_about	715
quickly_drains	716
could_live	717
slides_to	718
pillar_of	719
is_bigger_than	720
can_go_back_northeast_to	721
ugly_totter_over	722
leads_down_at	723
snaps_into	724
put_coffee_on	725
growing_next	726
are_standing	727
yet_is_abstract_despite	728
carefully_turn	729
slips	730
is_above	731
vaulted_rooftops_of	732
are_picking	733
occupies	734
cross_miskaton_river_at_time	735
disentangle	736
stares_intently_out	737
child_of	738
somehow_manages	739
remove_letter_from	740
feeling	741
scurry_across	742
leave_behind	743
makes	744
slipping_calipers_into	745
disappears_on	746
swing	747
step_away_with	748
wriggle_out	749
landing_on	750
fastening_on	751
extend_into	752
arrived_after	753
finally_falls_with	754
bang	755
falls_in	756
put_down_softly_and	757
eventually_drift_off_into	758
end_here_at	759
has_begun_however_by	760
comes	761
clamber_up	762
spreads	763
reveals	764
climb_down	765
can_go_west_northeast_to	766
lead_west_to	767
scraped_out	768
carries	769
gingerly_lift	770
swing_back	771
stare_back_through	772
just_lift	773
wall_at	774
nothing	775
yellowed_are_bound_in	776
continues_over	777
walks_into	778
leads_down_to	779
enter	780
understood	781
ends_here_at	782
surrounding	783
try_again	784
slipping_bundle	785
marks_shop_to	786
quavering	787
rub	788
child	789
slams	790
look_up_at	791
totter_oppressively_over	792
pools_of	793
kisses	794
doorway_to	795
is_name_of	796
curving_out_of	797
end_at	798
can_hear_michael_in	799
drawing	800
talked_to	801
come_to	802
fastening_with	803
'll_find_out_for	804
of_sort_is	805
drowning	806
rap_on	807
only_understood_as_far	808
kind_with	809
directly_lies	810
are_enmeshed_in	811
leads_east_through	812
later_hear	813
will_find	814
first_taking	815
stick_out_between	816
lets_out	817
goes_with	818
is_occupied_by	819
festoons_ceiling_like	820
have_fallen	821
draw_in	822
pull_further	823
wipe_fish_oil_off	824
gingerly_poke	825
holds_up	826
call	827
noisily_enjoying	828
rap_sharply_on	829
dream	830
upstairs_runs_east_from	831
expected_of	832
pass_down	833
dragging_behind	834
beyond	835
totter_over	836
streaked_with	837
push_through	838
happened_to	839
sign	840
involves	841
lights	842
looking_directly_through	843
can_return_to	844
leap_off_into	845
daughter	846
finally_slams_home	847
am_unclear	848
become	849
continues_down	850
can_see_paper_mill_directly_to	851
left_at	852
can_see_paper_mill_to	853
remove_quantity_from	854
lies_over	855
slip_lantern_into	856
ate	857
glare_down_at	858
are_impenetrably_thick_beyond	859
just_talked_to	860
moving_elsewhere_in	861
has_come_more_quickly_in	862
cover	863
forks_here_to	864
might_preen	865
hangs_palpably_over	866
scrutinize_carefully	867
becoming	868
draws	869
are_soaked_through	870
can_slip_through	871
lead_through	872
is_unbroken_blanket_in	873
slams_home	874
hangs_to	875
giving	876
hands_back	877
bolted_to	878
leads_out_of	879
recognize	880
are_covered_with	881
can_see_tops_from	882
suddenly_walks_into	883
starts_here_at	884
drinking	885
smell_of	886
turning_into	887
can_disrobe	888
pound_on	889
is_steep_in	890
are_standing_deep	891
have_given_way_out	892
continues_south_into	893
hear_rush_from	894
did_come_up_with	895
smacking_loudly_against	896
suddenly_give	897
only_few_bits_of	898
is_dim_circle_above	899
muttering_to	900
looks_for	901
put_lantern_on	902
killing	903
out_and_blackness_envelopes	904
are_reincarnation_in	905
wish	906
offer_professorship_upon	907
rub_fish_oil_onto	908
closing_first	909
humming_to	910
echo_through	911
shivering_occasionally_in	912
part_deferentially_before	913
draw	914
involuntarily_let_out	915
jump_at	916
've	917
involve	918
attempts_smile	919
drain	920
can_see_almost_directly	921
lost_track_of	922
begin	923
again_are_struck	924
can_see_at	925
are_about	926
opens_in	927
tucked_into	928
covers	929
pick	930
line_walls_in	931
dangles_down_from	932
is_draped_across	933
leans_against	934
lead_up_through	935
real_feature_of_is	936
belongings_had_sent_ahead_through	937
tie_rope_securely_to	938
are_coated_with	939
purloin	940
suddenly_burst_out_of	941
look_in	942
pads_down	943
bears	944
is_staring	945
're_already_wearing	946
quickly_scramble_down	947
slipping_faculty_card	948
are_slick_from	949
made	950
can_reach	951
are_worn	952
is_embedded	953
set_into	954
is_moving	955
axe_in	956
lifting_up	957
strolls_along_after	958
flicker_with	959
discarded_on	960
push	961
slowly_creeps_up	962
taking_off	963
must	964
suddenly_burst_into	965
seems_with	966
rattles	967
rotates	968
brief_round_of	969
paying	970
find	971
can_enter_office_to	972
shelved_incongruously_between	973
see_on	974
is_surrounded_by	975
thick_tomes_with	976
scratching_down_at	977
is_more_shadowy_than	978
snatches_flask_from	979
finally_falls_back_flask_with	980
slip	981
belongings_had_sent_through	982
runs_through	983
bring	984
lower_to	985
only_real_feature_of_is	986
inside_space_is	987
fall_on	988
can_also_see	989
look_over	990
cast_here	991
occupy	992
can_hear	993
bends_northeast_following	994
laid	995
suddenly_smacks	996
arrived_in	997
suffered	998
also_see	999
spills_out_over	1000
sinks	1001
so_long_drowning	1002
marks	1003
is_filled_with	1004
judging_from	1005
flowing_in_from	1006
remains_of	1007
're_stronger_than	1008
moving	1009
are_standing_in	1010
dangle_down_into	1011
is_smaller_than	1012
have_covered	1013
is_affair_unlike	1014
full_score_for	1015
go_through	1016
took	1017
wrapped_securely_around	1018
stands_here	1019
slip_flask_into	1020
meet	1021
exudes	1022
remove_umbrella_from	1023
pocket	1024
to	1025
dutifully_sign	1026
holding_out	1027
has_diminished_to	1028
falls_back	1029
is_color_of	1030
grins	1031
already_have	1032
decayed_remains_of	1033
push_aside	1034
washes_over	1035
'll_find	1036
had_come_into	1037
bounds_courtyard_to	1038
can_go_west_back_northeast_to	1039
managed	1040
extend_on	1041
coming_in_to	1042
is_circle_in	1043
coffee_in	1044
slip_umbrella_in	1045
have_view_from	1046
bringing	1047
falls_from	1048
had_trampled	1049
palm	1050
compelled_by	1051
writing_on	1052
feet_beyond	1053
piled_is_in	1054
opening_hatch_with	1055
puddle_in	1056
turn	1057
can_only_go_back_northeast_to	1058
are_reading_within	1059
point_out	1060
open_again	1061
is_staring_way_at	1062
smelly_quantity_of	1063
something_heavy_with	1064
well_looking_directly_through	1065
sits_with	1066
begin_after	1067
ugly_totter_oppressively_over	1068
collecting	1069
puffing_grimly_at	1070
is_narrow_oddly-angled_corridor_in	1071
continue_down	1072
converting	1073
opening_first	1074
put	1075
can_create	1076
that_to	1077
leading_you_to	1078
stare	1079
taking_trenchcoat	1080
taking_wedding_ring	1081
haul	1082
dart_past	1083
edge_out_onto	1084
carved_into	1085
appear_through	1086
for_child_is	1087
could_beat	1088
plunges_down_into	1089
burst_out_of	1090
swirls_past	1091
gap_in	1092
carefully_climb_down	1093
finally_falls_back_flask_onto	1094
slowly_open	1095
shuddering_dangerously_in	1096
rap_sharply	1097
is_silhouette_against	1098
very_faintly_hear	1099
even_lower_until	1100
hurts_at_time	1101
staring_at	1102
has_come_more_easily_more_quickly_to	1103
can_just_make_out	1104
go_to	1105
tapering_to	1106
is_over	1107
cast	1108
continue	1109
be_oddly-angled_corridor_to	1110
remind	1111
odd_about	1112
have_turned	1113
breaks	1114
juts_out_from	1115
comes_with	1116
standing_in	1117
something_on	1118
scurry_away	1119
stares_with	1120
is_oddly-angled_corridor_in	1121
knocks_wind_out_of	1122
worn_down_over	1123
staring_intently_at	1124
'll_track_down_eventually	1125
has_just_gone_up_by	1126
across	1127
can_escape_in	1128
is_lost_once_again_to	1129
's_looking_at	1130
drips_endlessly	1131
even_lower_to	1132
creak_above	1133
clammy_depths_of	1134
gather_to	1135
are_on	1136
perhaps_pushed_closer	1137
suddenly_find	1138
part_almost_deferentially	1139
pursuing	1140
suddenly_pops_in	1141
are_thick_beyond	1142
engraved_along	1143
shudder_as	1144
time_in	1145
echoing_throughout	1146
poisoned	1147
slide_newspaper_under	1148
leads_back	1149
has_gathered_up_at	1150
can_hear_somewhere_nearby	1151
runs	1152
cross	1153
lasts	1154
divulge	1155
upstairs_to	1156
snatches	1157
coming_in_in	1158
still_will_find	1159
even_pour	1160
only_leads	1161
opens_into	1162
know	1163
rap	1164
narrows_here_to	1165
feature_of_is	1166
moving_around_elsewhere_in	1167
are_out	1168
is_hardly_bigger_behind	1169
draw_bath	1170
lets_in	1171
toweling	1172
leads_back_to	1173
standing	1174
narrows_to	1175
is_placed_at	1176
has_come_in	1177
see_flask_on	1178
starts_at	1179
are_forced	1180
cast_here_there	1181
shambles_up	1182
look_at	1183
runs_up_from	1184
slide_down	1185
creak_beneath	1186
ringleaders_of_been	1187
wriggle_underneath	1188
push_bed_away_from	1189
are_outlined_on	1190
remove_key_from	1191
sticks_out_from	1192
filled_with	1193
drifts_up	1194
put_down	1195
creak	1196
is_ornate_fireplace_aside_from	1197
contains	1198
burrow_down_into	1199
always_returns_to	1200
blocks_opening	1201
moves	1202
is_fireplace_in	1203
force_thoughts_from	1204
driving_up_to	1205
stare_through	1206
pushed_closer	1207
collect	1208
clamped_between	1209
something_onto	1210
shivering_in	1211
pry_loose	1212
spread_over	1213
throwing_shadows_across	1214
topped_with	1215
've_spent	1216
is_probably_buried_in	1217
slipping_newspaper	1218
first_taking_umbrella	1219
donated_to	1220
can_hear_thumping_through	1221
carefully_testing	1222
leads_through	1223
fluttering_slightly_in	1224
slackens_off_momentarily_to	1225
is_to	1226
returns_to	1227
do_something_in	1228
lead_in	1229
lean_over	1230
can_also_take_street_to	1231
emanates_from	1232
slip_key_into	1233
softens	1234
transmigration_of	1235
're_already_sneaking_through	1236
tomes_with	1237
had	1238
on	1239
enact	1240
give	1241
get_off	1242
is_bigger_behind	1243
pops_in	1244
leaves	1245
trails_lead_northeast_through	1246
lit_from	1247
trenchcoat	1248
opening_trap_door	1249
goes_from	1250
poke_through	1251
echoing_loudly_throughout	1252
nearly_jerk_away_from	1253
can_slip_back_through	1254
sticks_out_of	1255
tuck	1256
narrows_still_further_to	1257
burst_into	1258
remains	1259
are_blistering_to	1260
usually_feel_without	1261
remain	1262
tucked_underneath	1263
falls_away_on	1264
shut_with	1265
notice	1266
descending_from	1267
grows	1268
coils	1269
surrounds_obelisk_to	1270
rub_bit_onto	1271
slams_into	1272
can_also_take	1273
can_see_square_at	1274
be_corridor_to	1275
count	1276
slip_key_to	1277
provide_counterpoint_to	1278
glare_at	1279
keep	1280
chasing_endlessly	1281
re-opened	1282
can_see_obelisk_through	1283
casting	1284
bending	1285
piled_against	1286
down	1287
putting_things_on	1288
founded	1289
is_hiding	1290
falls_on	1291
can_only_go_west_northeast_to	1292
room_with	1293
are_mess_of	1294
tie_rope_to	1295
stretches_north	1296
around	1297
has_come_quickly_in	1298
dangle_over	1299
is_urged	1300
unlock	1301
casting_air_over	1302
drop_to	1303
have	1304
part_deferentially	1305
can_only_go_west_back_to	1306
about	1307
worn_with	1308
had_sent	1309
line	1310
crawl_through	1311
pushing	1312
learn	1313
sits_on	1314
will	1315
length_of	1316
sinks_down	1317
are_reincarnation_of	1318
dangling_close_to	1319
is_carved_from	1320
is_probably_already_buried_in	1321
are_bound_in	1322
gripping_tightly	1323
dangling_in	1324
crawl_into	1325
scramble_down	1326
part_before	1327
consider	1328
have_diminished_somewhat	1329
can_only_go_to	1330
put_monster_inside	1331
is_hiding_material_from	1332
crumpled_next_to	1333
is_filled_for	1334
adjust_to	1335
scurry_away_across	1336
stands_in	1337
shine	1338
put_down_and	1339
is_dim_circle_in	1340
turns	1341
take_back	1342
drip_of	1343
is_pouring_through	1344
special_above	1345
submerged_in	1346
flickers_for	1347
received_phone_call_at_time	1348
fits	1349
sloping_into	1350
'll_track_down	1351
slide_back_beneath	1352
bounds	1353
really_want	1354
darts	1355
just_lost	1356
grip	1357
stop	1358
put_styrofoam_cup_on	1359
shut	1360
leer_with	1361
is_circle_of	1362
looms_before	1363
raining	1364
inhabitants_of_are	1365
grits_under	1366
shambles_off_up	1367
must_run	1368
moving_aside	1369
seems	1370
bares	1371
can_barely_make_out	1372
is_written_on	1373
kill	1374
be_out_of	1375
vigil_against	1376
can_see_obelisk_at	1377
is_down	1378
crumpled_in	1379
radiating_from	1380
now_'re_already_sneaking_through	1381
missed	1382
quickly_pluck	1383
cuts_across	1384
are_almost_blistering_to	1385
pull_covers_up	1386
with	1387
stare_at	1388
is_absorbed_in	1389
may_leave_to	1390
cluster_in	1391
stalks_out_of	1392
hauling_up	1393
stuffs	1394
takes_teddy_bear_from	1395
are_struck	1396
searching_for	1397
been_cut_into	1398
of_outline_is	1399
raise	1400
lean_menacingly_over	1401
with_buildings_is	1402
for	1403
brought	1404
has_left	1405
suddenly_fills_thing_with	1406
bends_following	1407
skittering_along	1408
has_pooled	1409
shadows_within	1410
continues_way_to	1411
expected	1412
shuddering_in	1413
occasionally_make_out	1414
scrutinize	1415
surrounds	1416
slackens_off_to	1417
looks_at	1418
disappears	1419
looks_suddenly_at	1420
swirling_past	1421
climbs_up_into	1422
pour_stuff_down	1423
drape_towel_over	1424
distorting	1425
start_back_up	1426
is_ramshackle_affair_of	1427
closes_around	1428
was_upon	1429
starts	1430
yet_closes	1431
looking_through	1432
see	1433
fall	1434
slipping_family_album_into	1435
is_almost_certainly_watching	1436
glumly_look_at	1437
ripples_up	1438
nearly_overgrown_by	1439
area_behind	1440
cooking	1441
sits	1442
closing	1443
looks	1444
has_come_more_quickly_to	1445
is_wrapped_in	1446
been_beaten_down_in	1447
looks_aside_from	1448
is_narrow_corridor_in	1449
runs_east_from	1450
watches_expectantly	1451
meet_here	1452
slipping_towel_into	1453
fluttering_in	1454
is_key_to	1455
has_gone_up_by	1456
drifts_up_smell_from	1457
is_fireplace_aside_from	1458
looks_straight_at	1459
extend_and_into	1460
pointed_almost_straight_through	1461
continues_while	1462
step_from	1463
been_behind	1464
slips_from	1465
approaches	1466
dip	1467
can_also_see_here	1468
absorbed_in	1469
wind_up_through	1470
'll_put	1471
shine_across	1472
could_pick	1473
moving_around_in	1474
come	1475
put_on	1476
put_wedding_ring_on	1477
is_technical_schematic_for	1478
find_at_time	1479
however_remain	1480
can_see_paper_mill_almost_directly_to	1481
moves_slowly	1482
lie	1483
fits_in	1484
finally_falls_flask_onto	1485
trails	1486
hovering_over	1487
runs_squarely_to	1488
houses	1489
finally_falls_onto	1490
rejected	1491
'll_have	1492
must_rather_than	1493
slipping_silver_locket_into	1494
can_hear_nearby	1495
direction	1496
might_come_in	1497
of_worth_is	1498
wrap_chain_around	1499
somehow_involves	1500
wriggle	1501
well_looking_through	1502
nailed_to	1503
wonder	1504
slide	1505
see_tin_on	1506
is_dim_circle_of	1507
told	1508
turning	1509
strangely_familiar_about	1510
continues	1511
peering_into	1512
stands_door_to	1513
grunting	1514
festoons	1515
are_stuffed	1516
wanders_off_to	1517
are_surrounded_on	1518
scraped_together_out	1519
can_see_paper_mill_directly_from	1520
tries	1521
replace	1522
are	1523
gather_most_thickly_to	1524
ragged_hole_in	1525
sits_up	1526
are_crammed_with	1527
committing_suicide_at_time	1528
'd_only_get	1529
put_whiskey_into	1530
closes_again	1531
only_understood	1532
raining_bits_from	1533
slides_onto	1534
is_blocked_at	1535
quickly_dissolving_into	1536
sits_next_to	1537
bordered_on	1538
lift	1539
have_diminished	1540
stenciled_across	1541
sloping_downward_into	1542
jerk	1543
falls_off	1544
allowing	1545
book_of	1546
speak_soon_to	1547
goes_upstairs_with	1548
are_getting	1549
walks_over_to	1550
runs_from	1551
pull	1552
whistle	1553
still_nailed_to	1554
turn_up_in	1555
underside_of_is	1556
tear	1557
turn_dial_to	1558
narrows_still_further	1559
oozing_stuffing_in	1560
told_now	1561
keening_of	1562
lap_at	1563
sifting_through	1564
might_appraise	1565
leaning	1566
bought	1567
indicates	1568
hands	1569
would	1570
let_out	1571
opening	1572
is_in	1573
winds	1574
strikes	1575
made_of	1576
suffuses	1577
resting_is_on	1578
was_old	1579
ending_in	1580
back_like	1581
lies_on	1582
have_keyringa_keyring_in	1583
can_make_away_before	1584
throwing	1585
melts_gently_from	1586
cluster_around	1587
discover_else	1588
pause	1589
now_'re_sneaking_through	1590
thrash	1591
slipping_letter_opener	1592
turns_at_time	1593
is_even_more_shadowy_than	1594
shake_suddenly	1595
stumble_after	1596
is_hardly_bigger_than	1597
leads_northeast_back_to	1598
surrounded_on	1599
divulge_information_to	1600
sits_at	1601
is_ramshackle_affair_unlike	1602
raised_walkways_on	1603
are_reminded_of	1604
fall_away	1605
worn_over	1606
follow	1607
prickle	1608
stands_to	1609
is_wrong_with	1610
forming	1611
slipping_lantern_into	1612
is_ankle-deep_in	1613
slipping_book_into	1614
slipping_umbrella	1615
told_much	1616
looks_suspiciously	1617
put_trenchcoat_on	1618
roost_in	1619
have_curved	1620
curls_up_into	1621
smacking_against	1622
break_for	1623
can_smell	1624
lie_in	1625
could_always_beat_retreat_to	1626
dated	1627
exactly_expected_of	1628
leans_with	1629
waiting	1630
watches_quietly	1631
once_again_are_struck	1632
try	1633
look_around_at	1634
secrets_of	1635
found	1636
arrange	1637
divides	1638
are_clearly_outlined_on	1639
juts_out_above	1640
ancient_festoons_ceiling_like	1641
are_actually_reincarnation_in	1642
framed_by	1643
drip_of_are	1644
tells	1645
can_only_go_back_to	1646
opening_hatch_first_with	1647
stares_greedily_at	1648
overtakes	1649
looking_straight_down_at	1650
stand	1651
drift_off_into	1652
hang_across	1653
falls_again	1654
asked_for	1655
is_corridor_in	1656
'd_get	1657
nearly_knocks_wind_out_of	1658
are_reading_anywhere_within	1659
half-buried_in	1660
trembles_slightly_with	1661
narrow	1662
can_see_before	1663
looking_down_at	1664
is_looped_over	1665
look_to	1666
steps_aside_from	1667
blocks	1668
think	1669
of	1670
boils	1671
from	1672
fuck	1673
stares_about	1674
taking_umbrella	1675
stitched_on	1676
workings_of	1677
connecting	1678
bracing	1679
taking_key_to	1680
finally_falls_flask_with	1681
open_to	1682
hear	1683
'll_out_of	1684
has_come_easily_more_quickly_to	1685
represents	1686
pluck	1687
pale	1688
went_for	1689
think_for	1690
burrow_into	1691
cut	1692
slipping_drawing	1693
can_fill	1694
was_old_in	1695
hangs	1696
keeping_eye_on	1697
is_largely_absorbed_in	1698
can_only_go_west_to	1699
grows_denser_down	1700
had_sent_ahead	1701
stand_in	1702
lead_up_back_through	1703
wraps_leather_thong_around	1704
arrived_here_in	1705
hangs_above	1706
blazer	1707
descend	1708
be	1709
flickers_uncertainly_for	1710
pause_moment	1711
lead_down_to	1712
pass_through	1713
grab_for	1714
are_only_sounds	1715
reads	1716
scattered_across	1717
becoming_near	1718
can_make_out_shape_at	1719
muttering	1720
has_scratched	1721
tear_at	1722
lie_to	1723
however_does_catch	1724
dissolving_into	1725
is_lost_again_to	1726
could_beat_retreat_to	1727
slides_with	1728
can_hear_fly_around	1729
poke_up_like	1730
'm	1731
are_holding	1732
half_in	1733
drains_however	1734
comes_awake_with	1735
snaps_back_with	1736
has_come_easily_more_quickly_in	1737
desperate_grab_for	1738
slips_leather_thong_around	1739
wander	1740
ancient_festoons	1741
hear_cry_from	1742
slipping_key_into	1743
can_see_square_through	1744
piled_high_against	1745
leaning_like	1746
moving_in	1747
is_circle_above	1748
hangs_on	1749
is_clammy_in	1750
spends	1751
enshroud	1752
just_make_out	1753
tossing	1754
falls_back_onto	1755
speak_to	1756
leads_up_hill_to	1757
big_on	1758
overgrown_by	1759
bends_northwest_around	1760
smells_of	1761
opens_at	1762
slipping_family_album	1763
involuntarily_shiver	1764
is_large_fireplace_aside_from	1765
becoming_once_again	1766
shrouded_in	1767
slipping_wedding_ring	1768
falls_onto	1769
lead_up	1770
sits_up_suddenly	1771
creak_alarmingly	1772
can_just_reach_edge_from	1773
poke_up_from	1774
may_find_soon	1775
is_literally_buried_in	1776
wriggle_through	1777
becoming_again	1778
'd_expect	1779
were_done_by	1780
warn	1781
overtakes_momentarily	1782
slip_gold_band_from	1783
can_see_in	1784
echo_on	1785
follows	1786
take_off	1787
rising_from	1788
nearly_knocks	1789
bends	1790
weigh_coffin_down_with	1791
tracks_in	1792
something_with	1793
scored	1794
fills	1795
make	1796
step_through	1797
casts_light_against	1798
twist_in	1799
catch	1800
is_shadowy_than	1801
leads_around	1802
'd_seen_through	1803
say	1804
decorated_with	1805
get_at	1806
continues_way_down_past	1807
somewhere_could_live	1808
enjoy	1809
pour	1810
would_like	1811
can_slip_back_into	1812
bought_coat_during	1813
contains_items_in	1814
has_begun_by	1815
leads_southwest_around	1816
piling_bones_for	1817
still_must_run	1818
strolls_after	1819
is_blocked_by	1820
was_apparently_using	1821
runs_across	1822
is_beyond	1823
much_of	1824
stare_back_at	1825
has_faded_from	1826
hear_footsteps	1827
burglarize	1828
finally_falls_back	1829
passageway_to	1830
're_sneaking_through	1831
water_into	1832
finally_falls_back_with	1833
jerk_away_from	1834
been_using	1835
would_achieve	1836
leaning_crazily_like	1837
left	1838
glancing_at	1839
is_possibly_older_than	1840
bends_south	1841
sailing_out_over	1842
spread_out_blueprint	1843
stands_for	1844
all_in	1845
heading_out_over	1846
remove_coffee_from	1847
runs_north	1848
looks_around	1849
